{
  "user": [
    {
      "id": 1,
      "name": "rahul",
      "email": "rahul@gmail.com",
      "phone": "7373736363",
      "dob": "2024-03-27",
      "address": "sahitya recidency,gujarat"
    },
    {
      "id": 2,
      "name": "rahul",
      "email": "rahul@gmail.com",
      "phone": "7373736363",
      "dob": "2024-03-27",
      "address": "sahitya recidency,gujarat"
    },
    {
      "id": 3,
      "name": "dummy1",
      "email": "dummy1@gmail.com",
      "phone": "1234567890",
      "dob": "2000-01-01",
      "address": "Dummy Address 1"
    },
    {
      "id": 4,
      "name": "dummy2",
      "email": "dummy2@gmail.com",
      "phone": "1234567890",
      "dob": "2000-01-01",
      "address": "Dummy Address 2"
    },
    {
      "id": 5,
      "name": "dummy3",
      "email": "dummy3@gmail.com",
      "phone": "1234567890",
      "dob": "2000-01-01",
      "address": "Dummy Address 3"
    },
    {
      "id": 6,
      "name": "dummy4",
      "email": "dummy4@gmail.com",
      "phone": "1234567890",
      "dob": "2000-01-01",
      "address": "Dummy Address 4"
    },
    {
      "id": 7,
      "name": "dummy5",
      "email": "dummy5@gmail.com",
      "phone": "1234567890",
      "dob": "2000-01-01",
      "address": "Dummy Address 5"
    },
    {
      "id": 8,
      "name": "dummy6",
      "email": "dummy6@gmail.com",
      "phone": "1234567890",
      "dob": "1995-12-3",
      "address": "Dummy Address 6"
    },
    {
      "id": 9,
      "name": "dummy7",
      "email": "dummy7@gmail.com",
      "phone": "1234567890",
      "dob": "1988-01-21",
      "address": "Dummy Address 7"
    },
    {
      "id": 10,
      "name": "dummy8",
      "email": "dummy8@gmail.com",
      "phone": "1234567890",
      "dob": "2006-01-11",
      "address": "Dummy Address 8"
    },
    {
      "id": 11,
      "name": "mm",
      "email": "viveksurani7016@gmail.com",
      "phone": "1234567890",
      "dob": "2024-03-19",
      "address": "abc"
    },
    {
      "id": 12,
      "name": "mm",
      "email": "kothiyayogesh11@gmail.com",
      "phone": "1234567890",
      "dob": "2024-03-21",
      "address": "hhhhh"
    },
    {
      "id": 13,
      "name": "mm",
      "email": "kothiyayogesh11@gmail.com",
      "phone": "1234567890",
      "dob": "2024-03-21",
      "address": "s"
    }
  ]
}